Timeless-Odyssey-Testing-TVVS,src/test/java/timelessodyssey/control/credits/CreditsControllerTest.java,src/main/java/timelessodyssey/control/credits/CreditsController.java
Timeless-Odyssey-Testing-TVVS,src/test/java/timelessodyssey/control/game/ParticleControllerTest.java,src/main/java/timelessodyssey/control/game/ParticleController.java
Timeless-Odyssey-Testing-TVVS,src/test/java/timelessodyssey/control/game/PlayerControllerTest.java,src/main/java/timelessodyssey/control/game/PlayerController.java
Timeless-Odyssey-Testing-TVVS,src/test/java/timelessodyssey/control/game/SceneControllerTest.java,src/main/java/timelessodyssey/control/game/SceneController.java
Timeless-Odyssey-Testing-TVVS,src/test/java/timelessodyssey/control/menu/EntryControllerTest.java,src/main/java/timelessodyssey/control/menu/EntryController.java
Timeless-Odyssey-Testing-TVVS,src/test/java/timelessodyssey/control/menu/MainMenuControllerTest.java,src/main/java/timelessodyssey/control/menu/MainMenuController.java
Timeless-Odyssey-Testing-TVVS,src/test/java/timelessodyssey/control/menu/MenuControllerTest.java,src/main/java/timelessodyssey/control/menu/MenuController.java
Timeless-Odyssey-Testing-TVVS,src/test/java/timelessodyssey/control/menu/SettingsMenuControllerTest.java,src/main/java/timelessodyssey/control/menu/SettingsMenuController.java
Timeless-Odyssey-Testing-TVVS,src/test/java/timelessodyssey/model/game/elements/player/AfterDashStateTest.java,src/main/java/timelessodyssey/model/game/elements/player/AfterDashState.java
Timeless-Odyssey-Testing-TVVS,src/test/java/timelessodyssey/model/game/elements/player/DashingStateTest.java,src/main/java/timelessodyssey/model/game/elements/player/DashingState.java
Timeless-Odyssey-Testing-TVVS,src/test/java/timelessodyssey/model/game/elements/player/DeadStateTest.java,src/main/java/timelessodyssey/model/game/elements/player/DeadState.java
Timeless-Odyssey-Testing-TVVS,src/test/java/timelessodyssey/model/game/elements/player/FallingStateTest.java,src/main/java/timelessodyssey/model/game/elements/player/FallingState.java
Timeless-Odyssey-Testing-TVVS,src/test/java/timelessodyssey/model/game/elements/player/IdleStateTest.java,src/main/java/timelessodyssey/model/game/elements/player/IdleState.java
Timeless-Odyssey-Testing-TVVS,src/test/java/timelessodyssey/model/game/elements/player/JumpingStateTest.java,src/main/java/timelessodyssey/model/game/elements/player/JumpingState.java
Timeless-Odyssey-Testing-TVVS,src/test/java/timelessodyssey/model/game/elements/player/PlayerTest.java,src/main/java/timelessodyssey/model/game/elements/player/Player.java
Timeless-Odyssey-Testing-TVVS,src/test/java/timelessodyssey/model/game/elements/player/RunningStateTest.java,src/main/java/timelessodyssey/model/game/elements/player/RunningState.java
Timeless-Odyssey-Testing-TVVS,src/test/java/timelessodyssey/model/game/elements/player/WalkingStateTest.java,src/main/java/timelessodyssey/model/game/elements/player/WalkingState.java
Timeless-Odyssey-Testing-TVVS,src/test/java/timelessodyssey/model/game/scene/SceneBuilderTest.java,src/main/java/timelessodyssey/model/game/scene/SceneBuilder.java
Timeless-Odyssey-Testing-TVVS,src/test/java/timelessodyssey/model/game/scene/SceneTest.java,src/main/java/timelessodyssey/model/game/scene/Scene.java
Timeless-Odyssey-Testing-TVVS,src/test/java/timelessodyssey/view/elements/PlayerViewerTest.java,src/main/java/timelessodyssey/view/elements/PlayerViewer.java
Timeless-Odyssey-Testing-TVVS,src/test/java/timelessodyssey/view/screens/CreditsViewerTest.java,src/main/java/timelessodyssey/view/screens/CreditsViewer.java
Timeless-Odyssey-Testing-TVVS,src/test/java/timelessodyssey/view/screens/GameViewerTest.java,src/main/java/timelessodyssey/view/screens/GameViewer.java
Timeless-Odyssey-Testing-TVVS,src/test/java/timelessodyssey/view/screens/MenuViewerTest.java,src/main/java/timelessodyssey/view/screens/MenuViewer.java
Timeless-Odyssey-Testing-TVVS,src/test/java/timelessodyssey/view/screens/ScreenViewerTest.java,src/main/java/timelessodyssey/view/screens/ScreenViewer.java
Timeless-Odyssey-Testing-TVVS,src/test/java/timelessodyssey/view/GameSpriteLoaderTest.java,src/main/java/timelessodyssey/view/GameSpriteLoader.java
Timeless-Odyssey-Testing-TVVS,src/test/java/timelessodyssey/view/SpriteTest.java,src/main/java/timelessodyssey/view/Sprite.java
Timeless-Odyssey-Testing-TVVS,src/test/java/timelessodyssey/view/ViewerProviderTest.java,src/main/java/timelessodyssey/view/ViewerProvider.java
Timeless-Odyssey-Testing-TVVS,src/test/java/timelessodyssey/control/menu/MenuControllerTest.java,src/main/java/timelessodyssey/control/menu/MenuController.java